{
    "rotation_matrix": [
        [
            -0.00027544188378033415,
            0.009241308383252208,
            0.9999572602622245
        ],
        [
            -0.9996183127205124,
            0.027621501010644475,
            -0.0005306182384491054
        ],
        [
            -0.027625224081709605,
            -0.9995757354504383,
            0.009230172975125284
        ]
    ],
    "translation_vector": [
        [
            0.027261959320582386
        ],
        [
            0.01957654280187085
        ],
        [
            0.0054933047318289985
        ]
    ]
}